--
-- PostgreSQL database dump
--

-- Dumped from database version 15.1 (Debian 15.1-1.pgdg110+1)
-- Dumped by pg_dump version 15.1 (Debian 15.1-1.pgdg110+1)

SET statement_timeout = 0;
SET lock_timeout = 0;
SET idle_in_transaction_session_timeout = 0;
SET client_encoding = 'UTF8';
SET standard_conforming_strings = on;
SELECT pg_catalog.set_config('search_path', '', false);
SET check_function_bodies = false;
SET xmloption = content;
SET client_min_messages = warning;
SET row_security = off;

SET default_tablespace = '';

SET default_table_access_method = heap;

--
-- Name: auth_group; Type: TABLE; Schema: public; Owner: postgres
--

CREATE TABLE public.auth_group (
    id integer NOT NULL,
    name character varying(150) NOT NULL
);


ALTER TABLE public.auth_group OWNER TO postgres;

--
-- Name: auth_group_id_seq; Type: SEQUENCE; Schema: public; Owner: postgres
--

ALTER TABLE public.auth_group ALTER COLUMN id ADD GENERATED BY DEFAULT AS IDENTITY (
    SEQUENCE NAME public.auth_group_id_seq
    START WITH 1
    INCREMENT BY 1
    NO MINVALUE
    NO MAXVALUE
    CACHE 1
);


--
-- Name: auth_group_permissions; Type: TABLE; Schema: public; Owner: postgres
--

CREATE TABLE public.auth_group_permissions (
    id bigint NOT NULL,
    group_id integer NOT NULL,
    permission_id integer NOT NULL
);


ALTER TABLE public.auth_group_permissions OWNER TO postgres;

--
-- Name: auth_group_permissions_id_seq; Type: SEQUENCE; Schema: public; Owner: postgres
--

ALTER TABLE public.auth_group_permissions ALTER COLUMN id ADD GENERATED BY DEFAULT AS IDENTITY (
    SEQUENCE NAME public.auth_group_permissions_id_seq
    START WITH 1
    INCREMENT BY 1
    NO MINVALUE
    NO MAXVALUE
    CACHE 1
);


--
-- Name: auth_permission; Type: TABLE; Schema: public; Owner: postgres
--

CREATE TABLE public.auth_permission (
    id integer NOT NULL,
    name character varying(255) NOT NULL,
    content_type_id integer NOT NULL,
    codename character varying(100) NOT NULL
);


ALTER TABLE public.auth_permission OWNER TO postgres;

--
-- Name: auth_permission_id_seq; Type: SEQUENCE; Schema: public; Owner: postgres
--

ALTER TABLE public.auth_permission ALTER COLUMN id ADD GENERATED BY DEFAULT AS IDENTITY (
    SEQUENCE NAME public.auth_permission_id_seq
    START WITH 1
    INCREMENT BY 1
    NO MINVALUE
    NO MAXVALUE
    CACHE 1
);


--
-- Name: auth_user; Type: TABLE; Schema: public; Owner: postgres
--

CREATE TABLE public.auth_user (
    id integer NOT NULL,
    password character varying(128) NOT NULL,
    last_login timestamp with time zone,
    is_superuser boolean NOT NULL,
    username character varying(150) NOT NULL,
    first_name character varying(150) NOT NULL,
    last_name character varying(150) NOT NULL,
    email character varying(254) NOT NULL,
    is_staff boolean NOT NULL,
    is_active boolean NOT NULL,
    date_joined timestamp with time zone NOT NULL
);


ALTER TABLE public.auth_user OWNER TO postgres;

--
-- Name: auth_user_groups; Type: TABLE; Schema: public; Owner: postgres
--

CREATE TABLE public.auth_user_groups (
    id bigint NOT NULL,
    user_id integer NOT NULL,
    group_id integer NOT NULL
);


ALTER TABLE public.auth_user_groups OWNER TO postgres;

--
-- Name: auth_user_groups_id_seq; Type: SEQUENCE; Schema: public; Owner: postgres
--

ALTER TABLE public.auth_user_groups ALTER COLUMN id ADD GENERATED BY DEFAULT AS IDENTITY (
    SEQUENCE NAME public.auth_user_groups_id_seq
    START WITH 1
    INCREMENT BY 1
    NO MINVALUE
    NO MAXVALUE
    CACHE 1
);


--
-- Name: auth_user_id_seq; Type: SEQUENCE; Schema: public; Owner: postgres
--

ALTER TABLE public.auth_user ALTER COLUMN id ADD GENERATED BY DEFAULT AS IDENTITY (
    SEQUENCE NAME public.auth_user_id_seq
    START WITH 1
    INCREMENT BY 1
    NO MINVALUE
    NO MAXVALUE
    CACHE 1
);


--
-- Name: auth_user_user_permissions; Type: TABLE; Schema: public; Owner: postgres
--

CREATE TABLE public.auth_user_user_permissions (
    id bigint NOT NULL,
    user_id integer NOT NULL,
    permission_id integer NOT NULL
);


ALTER TABLE public.auth_user_user_permissions OWNER TO postgres;

--
-- Name: auth_user_user_permissions_id_seq; Type: SEQUENCE; Schema: public; Owner: postgres
--

ALTER TABLE public.auth_user_user_permissions ALTER COLUMN id ADD GENERATED BY DEFAULT AS IDENTITY (
    SEQUENCE NAME public.auth_user_user_permissions_id_seq
    START WITH 1
    INCREMENT BY 1
    NO MINVALUE
    NO MAXVALUE
    CACHE 1
);


--
-- Name: django_admin_log; Type: TABLE; Schema: public; Owner: postgres
--

CREATE TABLE public.django_admin_log (
    id integer NOT NULL,
    action_time timestamp with time zone NOT NULL,
    object_id text,
    object_repr character varying(200) NOT NULL,
    action_flag smallint NOT NULL,
    change_message text NOT NULL,
    content_type_id integer,
    user_id integer NOT NULL,
    CONSTRAINT django_admin_log_action_flag_check CHECK ((action_flag >= 0))
);


ALTER TABLE public.django_admin_log OWNER TO postgres;

--
-- Name: django_admin_log_id_seq; Type: SEQUENCE; Schema: public; Owner: postgres
--

ALTER TABLE public.django_admin_log ALTER COLUMN id ADD GENERATED BY DEFAULT AS IDENTITY (
    SEQUENCE NAME public.django_admin_log_id_seq
    START WITH 1
    INCREMENT BY 1
    NO MINVALUE
    NO MAXVALUE
    CACHE 1
);


--
-- Name: django_content_type; Type: TABLE; Schema: public; Owner: postgres
--

CREATE TABLE public.django_content_type (
    id integer NOT NULL,
    app_label character varying(100) NOT NULL,
    model character varying(100) NOT NULL
);


ALTER TABLE public.django_content_type OWNER TO postgres;

--
-- Name: django_content_type_id_seq; Type: SEQUENCE; Schema: public; Owner: postgres
--

ALTER TABLE public.django_content_type ALTER COLUMN id ADD GENERATED BY DEFAULT AS IDENTITY (
    SEQUENCE NAME public.django_content_type_id_seq
    START WITH 1
    INCREMENT BY 1
    NO MINVALUE
    NO MAXVALUE
    CACHE 1
);


--
-- Name: django_migrations; Type: TABLE; Schema: public; Owner: postgres
--

CREATE TABLE public.django_migrations (
    id bigint NOT NULL,
    app character varying(255) NOT NULL,
    name character varying(255) NOT NULL,
    applied timestamp with time zone NOT NULL
);


ALTER TABLE public.django_migrations OWNER TO postgres;

--
-- Name: django_migrations_id_seq; Type: SEQUENCE; Schema: public; Owner: postgres
--

ALTER TABLE public.django_migrations ALTER COLUMN id ADD GENERATED BY DEFAULT AS IDENTITY (
    SEQUENCE NAME public.django_migrations_id_seq
    START WITH 1
    INCREMENT BY 1
    NO MINVALUE
    NO MAXVALUE
    CACHE 1
);


--
-- Name: django_session; Type: TABLE; Schema: public; Owner: postgres
--

CREATE TABLE public.django_session (
    session_key character varying(40) NOT NULL,
    session_data text NOT NULL,
    expire_date timestamp with time zone NOT NULL
);


ALTER TABLE public.django_session OWNER TO postgres;

--
-- Name: store_article; Type: TABLE; Schema: public; Owner: postgres
--

CREATE TABLE public.store_article (
    id bigint NOT NULL,
    date_created timestamp with time zone NOT NULL,
    date_updated timestamp with time zone NOT NULL,
    name character varying(255) NOT NULL,
    description text NOT NULL,
    active boolean NOT NULL,
    price numeric(8,2) NOT NULL,
    product_id bigint NOT NULL
);


ALTER TABLE public.store_article OWNER TO postgres;

--
-- Name: store_article_id_seq; Type: SEQUENCE; Schema: public; Owner: postgres
--

ALTER TABLE public.store_article ALTER COLUMN id ADD GENERATED BY DEFAULT AS IDENTITY (
    SEQUENCE NAME public.store_article_id_seq
    START WITH 1
    INCREMENT BY 1
    NO MINVALUE
    NO MAXVALUE
    CACHE 1
);


--
-- Name: store_category; Type: TABLE; Schema: public; Owner: postgres
--

CREATE TABLE public.store_category (
    id bigint NOT NULL,
    date_created timestamp with time zone NOT NULL,
    date_updated timestamp with time zone NOT NULL,
    name character varying(255) NOT NULL,
    description text NOT NULL,
    active boolean NOT NULL
);


ALTER TABLE public.store_category OWNER TO postgres;

--
-- Name: store_category_id_seq; Type: SEQUENCE; Schema: public; Owner: postgres
--

ALTER TABLE public.store_category ALTER COLUMN id ADD GENERATED BY DEFAULT AS IDENTITY (
    SEQUENCE NAME public.store_category_id_seq
    START WITH 1
    INCREMENT BY 1
    NO MINVALUE
    NO MAXVALUE
    CACHE 1
);


--
-- Name: store_product; Type: TABLE; Schema: public; Owner: postgres
--

CREATE TABLE public.store_product (
    id bigint NOT NULL,
    date_created timestamp with time zone NOT NULL,
    date_updated timestamp with time zone NOT NULL,
    name character varying(255) NOT NULL,
    description text NOT NULL,
    active boolean NOT NULL,
    in_stock_quantity integer NOT NULL,
    out_stock_quantity integer NOT NULL,
    category_id bigint NOT NULL
);


ALTER TABLE public.store_product OWNER TO postgres;

--
-- Name: store_product_id_seq; Type: SEQUENCE; Schema: public; Owner: postgres
--

ALTER TABLE public.store_product ALTER COLUMN id ADD GENERATED BY DEFAULT AS IDENTITY (
    SEQUENCE NAME public.store_product_id_seq
    START WITH 1
    INCREMENT BY 1
    NO MINVALUE
    NO MAXVALUE
    CACHE 1
);


--
-- Data for Name: auth_group; Type: TABLE DATA; Schema: public; Owner: postgres
--

COPY public.auth_group (id, name) FROM stdin;
\.


--
-- Data for Name: auth_group_permissions; Type: TABLE DATA; Schema: public; Owner: postgres
--

COPY public.auth_group_permissions (id, group_id, permission_id) FROM stdin;
\.


--
-- Data for Name: auth_permission; Type: TABLE DATA; Schema: public; Owner: postgres
--

COPY public.auth_permission (id, name, content_type_id, codename) FROM stdin;
1	Can add log entry	1	add_logentry
2	Can change log entry	1	change_logentry
3	Can delete log entry	1	delete_logentry
4	Can view log entry	1	view_logentry
5	Can add permission	2	add_permission
6	Can change permission	2	change_permission
7	Can delete permission	2	delete_permission
8	Can view permission	2	view_permission
9	Can add group	3	add_group
10	Can change group	3	change_group
11	Can delete group	3	delete_group
12	Can view group	3	view_group
13	Can add user	4	add_user
14	Can change user	4	change_user
15	Can delete user	4	delete_user
16	Can view user	4	view_user
17	Can add content type	5	add_contenttype
18	Can change content type	5	change_contenttype
19	Can delete content type	5	delete_contenttype
20	Can view content type	5	view_contenttype
21	Can add session	6	add_session
22	Can change session	6	change_session
23	Can delete session	6	delete_session
24	Can view session	6	view_session
25	Can add article	7	add_article
26	Can change article	7	change_article
27	Can delete article	7	delete_article
28	Can view article	7	view_article
29	Can add category	8	add_category
30	Can change category	8	change_category
31	Can delete category	8	delete_category
32	Can view category	8	view_category
33	Can add product	9	add_product
34	Can change product	9	change_product
35	Can delete product	9	delete_product
36	Can view product	9	view_product
\.


--
-- Data for Name: auth_user; Type: TABLE DATA; Schema: public; Owner: postgres
--

COPY public.auth_user (id, password, last_login, is_superuser, username, first_name, last_name, email, is_staff, is_active, date_joined) FROM stdin;
1	pbkdf2_sha256$390000$UNhwcWRS8WwM47uUnu9ppA$Y2TwicB9LgXOHzxGhWiZiBV70JFiLiGoXARk+k0S234=	2022-11-14 17:04:12.041663+00	t	superadmin			superadmin@dev.org	t	t	2022-11-14 13:37:45.479603+00
\.


--
-- Data for Name: auth_user_groups; Type: TABLE DATA; Schema: public; Owner: postgres
--

COPY public.auth_user_groups (id, user_id, group_id) FROM stdin;
\.


--
-- Data for Name: auth_user_user_permissions; Type: TABLE DATA; Schema: public; Owner: postgres
--

COPY public.auth_user_user_permissions (id, user_id, permission_id) FROM stdin;
\.


--
-- Data for Name: django_admin_log; Type: TABLE DATA; Schema: public; Owner: postgres
--

COPY public.django_admin_log (id, action_time, object_id, object_repr, action_flag, change_message, content_type_id, user_id) FROM stdin;
1	2022-11-14 15:39:50.829717+00	1	Beverages	1	[{"added": {}}]	8	1
2	2022-11-14 15:40:08.392351+00	2	Bread/Bakery	1	[{"added": {}}]	8	1
3	2022-11-14 15:40:21.123814+00	3	Canned/Jarred Goods	1	[{"added": {}}]	8	1
4	2022-11-14 15:40:39.025742+00	4	Dairy	1	[{"added": {}}]	8	1
5	2022-11-14 15:40:49.677731+00	5	Dry/Baking Goods	1	[{"added": {}}]	8	1
6	2022-11-14 15:41:02.352291+00	6	Frozen Foods	1	[{"added": {}}]	8	1
7	2022-11-14 15:41:13.075834+00	7	Meat	1	[{"added": {}}]	8	1
8	2022-11-14 15:41:23.68341+00	8	Produce	1	[{"added": {}}]	8	1
9	2022-11-14 15:41:38.226584+00	9	Cleaners	1	[{"added": {}}]	8	1
10	2022-11-14 15:41:49.506575+00	10	Paper Goods	1	[{"added": {}}]	8	1
11	2022-11-14 15:41:59.689097+00	11	Personal Care	1	[{"added": {}}]	8	1
12	2022-11-14 15:45:01.517728+00	12	Computers	1	[{"added": {}}]	8	1
13	2022-11-14 15:46:17.199174+00	13	PC parts	1	[{"added": {}}]	8	1
14	2022-11-14 15:47:17.534895+00	14	Electronics	1	[{"added": {}}]	8	1
15	2022-11-14 15:47:34.715219+00	11	Personal Care	3		8	1
16	2022-11-14 15:47:34.717937+00	10	Paper Goods	3		8	1
17	2022-11-14 15:47:34.718986+00	9	Cleaners	3		8	1
18	2022-11-14 15:47:34.720147+00	8	Produce	3		8	1
19	2022-11-14 15:47:34.7212+00	7	Meat	3		8	1
20	2022-11-14 15:47:34.722304+00	6	Frozen Foods	3		8	1
21	2022-11-14 15:47:34.723442+00	5	Dry/Baking Goods	3		8	1
22	2022-11-14 15:47:34.724321+00	4	Dairy	3		8	1
23	2022-11-14 15:47:34.725206+00	3	Canned/Jarred Goods	3		8	1
24	2022-11-14 15:47:34.726125+00	2	Bread/Bakery	3		8	1
25	2022-11-14 15:47:34.72707+00	1	Beverages	3		8	1
26	2022-11-14 15:48:32.456558+00	15	Networking	1	[{"added": {}}]	8	1
27	2022-11-14 15:49:20.656577+00	13	Computer parts	2	[{"changed": {"fields": ["Name"]}}]	8	1
28	2022-11-14 15:49:46.963396+00	12	Computer	2	[{"changed": {"fields": ["Name"]}}]	8	1
29	2022-11-14 15:49:53.350925+00	12	Computers	2	[{"changed": {"fields": ["Name"]}}]	8	1
30	2022-11-14 15:51:17.433324+00	1	Processors	1	[{"added": {}}]	9	1
31	2022-11-14 15:52:20.373953+00	2	Motherboard	1	[{"added": {}}]	9	1
32	2022-11-14 15:53:23.899814+00	3	Graphic card	1	[{"added": {}}]	9	1
33	2022-11-14 15:56:19.682056+00	1	PNY NVIDIA GeForce RTX 3070 Ti XLR8 Verto Triple Fan 8GB GDDR6X PCIe 4.0 Graphics Card	1	[{"added": {}}]	7	1
34	2022-11-14 15:56:54.361661+00	2	ASRock Intel Arc A750 Challenger D Overclocked Dual Fan 8GB GDDR6 PCIe 4.0 Graphics Card	1	[{"added": {}}]	7	1
35	2022-11-14 16:00:35.490056+00	1	MSI NVIDIA GeForce RTX 3060 Ti Ventus 3X LHR Overclocked Triple-Fan 8GB GDDR6 PCIe 4.0 Graphics Card	2	[{"changed": {"fields": ["Name", "Description", "Price"]}}]	7	1
36	2022-11-14 16:01:56.886053+00	2	Zotac NVIDIA GeForce RTX 4090 Trinity Triple-Fan 24GB GDDR6X PCIe 4.0 Graphics Card	2	[{"changed": {"fields": ["Name", "Description", "Price"]}}]	7	1
37	2022-11-14 16:02:25.618463+00	3	MSI NVIDIA GeForce RTX 3060 Ti VENTUS 2X LHR Overclocked Dual-Fan 8GB GDDR6 PCIe 4.0 Graphics Card	1	[{"added": {}}]	7	1
38	2022-11-14 16:02:55.557003+00	4	PNY NVIDIA GeForce RTX 3070 Ti XLR8 Verto Triple Fan 8GB GDDR6X PCIe 4.0 Graphics Card	1	[{"added": {}}]	7	1
39	2022-11-14 16:03:25.752646+00	5	MSI AMD Radeon RX 6950 XT Gaming X Trio Triple Fan 16GB GDDR6 PCIe 4.0 Graphics Card	1	[{"added": {}}]	7	1
40	2022-11-14 16:04:24.592595+00	6	AMD Ryzen 5 3600 Matisse 3.6GHz 6-Core AM4 Boxed Processor - Wraith Stealth Cooler Included	1	[{"added": {}}]	7	1
41	2022-11-14 16:04:57.269739+00	7	AMD Ryzen 7 5800X3D Vermeer 3.4GHz 8-Core AM4 Boxed Processor - Cooler Not Included	1	[{"added": {}}]	7	1
42	2022-11-14 16:05:26.603034+00	8	Intel Core i7-12700K Alder Lake 3.6GHz Twelve-Core LGA 1700 Boxed Processor - Heatsink Not Included	1	[{"added": {}}]	7	1
43	2022-11-14 16:05:59.718068+00	9	Intel Core i9-12900K Alder Lake 3.2GHz Sixteen-Core LGA 1700 Boxed Processor - Heatsink Not Included	1	[{"added": {}}]	7	1
44	2022-11-14 16:46:28.113969+00	10	ASUS B550-F ROG Strix Gaming WiFi II AMD AM4 ATX Motherboard	1	[{"added": {}}]	7	1
45	2022-11-14 16:47:01.283365+00	11	MSI Z790 MPG Carbon WiFi Intel LGA 1700 ATX Motherboard	1	[{"added": {}}]	7	1
46	2022-11-14 16:47:52.480878+00	12	ASUS Z690-F ROG Strix Gaming WiFi DDR5 Intel LGA 1700 ATX Motherboard	1	[{"added": {}}]	7	1
47	2022-11-14 16:48:41.678531+00	13	MSI Z790 MAG Tomahawk WiFi D4 Intel LGA 1700 ATX Motherboard	1	[{"added": {}}]	7	1
48	2022-11-14 16:49:25.70266+00	14	ASUS X670E ROG Crosshair Extreme AMD AM5 eATX Motherboard	1	[{"added": {}}]	7	1
49	2022-11-14 16:50:48.60367+00	15	AMD Ryzen 9 5950X Vermeer 3.4GHz 16-Core AM4 Boxed Processor	1	[{"added": {}}]	7	1
50	2022-11-14 16:51:18.94613+00	14	Electronics	3		8	1
51	2022-11-14 16:51:18.948072+00	12	Computers	3		8	1
52	2022-11-14 16:52:50.435484+00	4	Wireless networking	1	[{"added": {}}]	9	1
53	2022-11-14 16:54:05.532471+00	5	Wired networking	1	[{"added": {}}]	9	1
54	2022-11-14 16:55:53.077412+00	6	Server/NAS	1	[{"added": {}}]	9	1
55	2022-11-14 16:56:39.136309+00	16	Ubiquiti Networks UniFi nanoHD AC2000 Dual-Band Wireless Access Point	1	[{"added": {}}]	7	1
56	2022-11-14 16:57:11.664133+00	17	TP-LINK USB WiFi Adapter for Desktop PC, AC1300Mbps USB 3.0 WiFi Dual Band Network Adapter with 2.4GHz/5GHz High Gain Antenna, MU-MIMO, Windows 10/8.1/8/7/XP, Mac OS 10.9-10.15(Archer T3U Plus)	1	[{"added": {}}]	7	1
57	2022-11-14 16:57:42.77907+00	18	ASUS RT-AX3000 AX3000 Dual Band Gigabit Wireless Router AiMesh Support; 1.5GHz Triple Core Processor; MU-MIMO Support; 4 LAN Ethernet Ports	1	[{"added": {}}]	7	1
58	2022-11-14 16:58:26.141285+00	19	Ubiquiti Networks UniFi Dream Machine Special Edition	1	[{"added": {}}]	7	1
59	2022-11-14 16:58:52.275563+00	20	TP-LINK TL-R605 SafeStream Gigabit Multi-WAN VPN RouterUp to 4 GB Wan Ports SPI Firewall SB Router; Omada SDN Integrated, Load Balance, Lightening Protection, Limited Lifetime Protection	1	[{"added": {}}]	7	1
60	2022-11-14 16:59:18.970767+00	21	TP-LINK SafeStream Gigabit Multi-WAN VPN Router	1	[{"added": {}}]	7	1
61	2022-11-14 17:00:17.38927+00	22	Dell PowerEdge R240 Rack Server Intel Xeon E-2224 3.4GHz Processor; 32GB DDR4-2666 RAM; 2x 960GB Solid State Drive; Integrated Graphics	1	[{"added": {}}]	7	1
62	2022-11-14 17:00:43.831646+00	23	Supermicro SuperServer SYS-5019C-MR Intel Xeon E-2136 3.3GHz Processor; 16GB DDR4-2666 RAM; 960GB Solid State Drive; 2TB HDD	1	[{"added": {}}]	7	1
63	2022-11-14 17:01:23.46081+00	24	QNAP TS 453D 4-Bay Desktop NAS	1	[{"added": {}}]	7	1
64	2022-11-14 17:09:17.257988+00	15	Networking	2	[{"changed": {"fields": ["Active"]}}]	8	1
65	2022-11-14 17:09:19.92803+00	13	Computer parts	2	[{"changed": {"fields": ["Active"]}}]	8	1
66	2022-11-14 17:09:26.960411+00	6	Server/NAS	2	[{"changed": {"fields": ["Active"]}}]	9	1
67	2022-11-14 17:09:49.066886+00	24	QNAP TS 453D 4-Bay Desktop NAS	2	[{"changed": {"fields": ["Active"]}}]	7	1
68	2022-11-14 17:09:52.444652+00	23	Supermicro SuperServer SYS-5019C-MR Intel Xeon E-2136 3.3GHz Processor; 16GB DDR4-2666 RAM; 960GB Solid State Drive; 2TB HDD	2	[{"changed": {"fields": ["Active"]}}]	7	1
69	2022-11-14 17:09:55.844698+00	22	Dell PowerEdge R240 Rack Server Intel Xeon E-2224 3.4GHz Processor; 32GB DDR4-2666 RAM; 2x 960GB Solid State Drive; Integrated Graphics	2	[{"changed": {"fields": ["Active"]}}]	7	1
70	2022-11-14 17:09:59.492149+00	20	TP-LINK TL-R605 SafeStream Gigabit Multi-WAN VPN RouterUp to 4 GB Wan Ports SPI Firewall SB Router; Omada SDN Integrated, Load Balance, Lightening Protection, Limited Lifetime Protection	2	[{"changed": {"fields": ["Active"]}}]	7	1
71	2022-11-14 17:10:06.120691+00	18	ASUS RT-AX3000 AX3000 Dual Band Gigabit Wireless Router AiMesh Support; 1.5GHz Triple Core Processor; MU-MIMO Support; 4 LAN Ethernet Ports	2	[{"changed": {"fields": ["Active"]}}]	7	1
72	2022-11-14 17:10:12.532004+00	17	TP-LINK USB WiFi Adapter for Desktop PC, AC1300Mbps USB 3.0 WiFi Dual Band Network Adapter with 2.4GHz/5GHz High Gain Antenna, MU-MIMO, Windows 10/8.1/8/7/XP, Mac OS 10.9-10.15(Archer T3U Plus)	2	[{"changed": {"fields": ["Active"]}}]	7	1
73	2022-11-14 17:10:16.98787+00	16	Ubiquiti Networks UniFi nanoHD AC2000 Dual-Band Wireless Access Point	2	[{"changed": {"fields": ["Active"]}}]	7	1
74	2022-11-14 17:10:21.137059+00	15	AMD Ryzen 9 5950X Vermeer 3.4GHz 16-Core AM4 Boxed Processor	2	[{"changed": {"fields": ["Active"]}}]	7	1
75	2022-11-14 17:10:25.623042+00	14	ASUS X670E ROG Crosshair Extreme AMD AM5 eATX Motherboard	2	[{"changed": {"fields": ["Active"]}}]	7	1
76	2022-11-14 17:10:29.20818+00	13	MSI Z790 MAG Tomahawk WiFi D4 Intel LGA 1700 ATX Motherboard	2	[{"changed": {"fields": ["Active"]}}]	7	1
77	2022-11-14 17:10:34.445824+00	11	MSI Z790 MPG Carbon WiFi Intel LGA 1700 ATX Motherboard	2	[{"changed": {"fields": ["Active"]}}]	7	1
78	2022-11-14 17:10:41.774485+00	9	Intel Core i9-12900K Alder Lake 3.2GHz Sixteen-Core LGA 1700 Boxed Processor - Heatsink Not Included	2	[{"changed": {"fields": ["Active"]}}]	7	1
79	2022-11-14 17:10:48.732642+00	5	MSI AMD Radeon RX 6950 XT Gaming X Trio Triple Fan 16GB GDDR6 PCIe 4.0 Graphics Card	2	[{"changed": {"fields": ["Active"]}}]	7	1
80	2022-11-14 17:10:56.567213+00	6	AMD Ryzen 5 3600 Matisse 3.6GHz 6-Core AM4 Boxed Processor - Wraith Stealth Cooler Included	2	[{"changed": {"fields": ["Active"]}}]	7	1
\.


--
-- Data for Name: django_content_type; Type: TABLE DATA; Schema: public; Owner: postgres
--

COPY public.django_content_type (id, app_label, model) FROM stdin;
1	admin	logentry
2	auth	permission
3	auth	group
4	auth	user
5	contenttypes	contenttype
6	sessions	session
7	store	article
8	store	category
9	store	product
\.


--
-- Data for Name: django_migrations; Type: TABLE DATA; Schema: public; Owner: postgres
--

COPY public.django_migrations (id, app, name, applied) FROM stdin;
1	contenttypes	0001_initial	2022-11-14 13:32:24.778648+00
2	auth	0001_initial	2022-11-14 13:32:24.862836+00
3	admin	0001_initial	2022-11-14 13:32:24.889138+00
4	admin	0002_logentry_remove_auto_add	2022-11-14 13:32:24.899313+00
5	admin	0003_logentry_add_action_flag_choices	2022-11-14 13:32:24.912569+00
6	contenttypes	0002_remove_content_type_name	2022-11-14 13:32:24.936891+00
7	auth	0002_alter_permission_name_max_length	2022-11-14 13:32:24.950773+00
8	auth	0003_alter_user_email_max_length	2022-11-14 13:32:24.963017+00
9	auth	0004_alter_user_username_opts	2022-11-14 13:32:24.975463+00
10	auth	0005_alter_user_last_login_null	2022-11-14 13:32:24.987904+00
11	auth	0006_require_contenttypes_0002	2022-11-14 13:32:24.992018+00
12	auth	0007_alter_validators_add_error_messages	2022-11-14 13:32:25.00532+00
13	auth	0008_alter_user_username_max_length	2022-11-14 13:32:25.02385+00
14	auth	0009_alter_user_last_name_max_length	2022-11-14 13:32:25.037057+00
15	auth	0010_alter_group_name_max_length	2022-11-14 13:32:25.049057+00
16	auth	0011_update_proxy_permissions	2022-11-14 13:32:25.060825+00
17	auth	0012_alter_user_first_name_max_length	2022-11-14 13:32:25.07562+00
18	sessions	0001_initial	2022-11-14 13:32:25.094659+00
19	store	0001_initial	2022-11-14 15:30:14.964252+00
20	store	0002_alter_article_price	2022-11-14 15:55:42.19651+00
21	store	0003_alter_article_price	2022-11-14 16:01:51.54282+00
\.


--
-- Data for Name: django_session; Type: TABLE DATA; Schema: public; Owner: postgres
--

COPY public.django_session (session_key, session_data, expire_date) FROM stdin;
oxd5cdf2g5imhjd1zmvjvb0nkz2776wx	.eJxVjEEOgjAQRe_StWmmTEsZl-45Q1M6U0FNSSisjHcXEha6_e_991YhbusYtipLmFhdlVGX322I6SnlAPyI5T7rNJd1mQZ9KPqkVfczy-t2un-BMdZxf2cUcGYwpvMgSExoMlpLHdo9khoyHrzvnONWvINMjMDQJErSQsuoPl-7TDbp:1oucsW:_b-6MpPG8zsUsNBBPmvpCsXhTiOLQxhuEBf43mcjRis	2022-11-28 17:04:12.045008+00
\.


--
-- Data for Name: store_article; Type: TABLE DATA; Schema: public; Owner: postgres
--

COPY public.store_article (id, date_created, date_updated, name, description, active, price, product_id) FROM stdin;
1	2022-11-14 15:56:19.679601+00	2022-11-14 16:00:35.488661+00	MSI NVIDIA GeForce RTX 3060 Ti Ventus 3X LHR Overclocked Triple-Fan 8GB GDDR6 PCIe 4.0 Graphics Card	VENTUS brings a performance-focused design that maintains the essentials to accomplish any task at hand. A capable triple fan arrangement laid into a rigid industrial design lets this sharp looking graphics card fit into any build.	t	479.99	3
2	2022-11-14 15:56:54.360341+00	2022-11-14 16:01:56.884009+00	Zotac NVIDIA GeForce RTX 4090 Trinity Triple-Fan 24GB GDDR6X PCIe 4.0 Graphics Card	"Love Gaming with the all-new ZOTAC GAMING GeForce graphics cards based on the NVIDIA Ada Lovelace architecture integrated with next generation technologies, breakthrough bandwidth, and ultra-fast graphics memory to power the win. Designed with aerodynamic concepts for an optimized airflow, Trinity pushes performance, is refined with noise enhancements, and designed with strong durability.	t	1599.99	3
3	2022-11-14 16:02:25.617141+00	2022-11-14 16:02:25.617163+00	MSI NVIDIA GeForce RTX 3060 Ti VENTUS 2X LHR Overclocked Dual-Fan 8GB GDDR6 PCIe 4.0 Graphics Card	VENTUS brings a performance-focused design that maintains the essentials to accomplish any task at hand. Rocking a trusted dual fan arrangement laid into a rigid industrial design lets this sharp looking graphics card fit into any build.	f	469.99	3
4	2022-11-14 16:02:55.555879+00	2022-11-14 16:02:55.555897+00	PNY NVIDIA GeForce RTX 3070 Ti XLR8 Verto Triple Fan 8GB GDDR6X PCIe 4.0 Graphics Card	The GeForce RTX 3070 Ti graphics card is powered by Ampere - NVIDIA's 2nd gen RTX architecture. Built with enhanced RT Cores and Tensor Cores, new streaming multiprocessors, and superfast G6X memory, it gives you the power you need to rip through the most demanding games. The all-new NVIDIA Ampere architecture features new 2nd generation Ray Tracing Cores and 3rd generation Tensor Cores with greater throughput. The NVIDIA Ampere streaming multiprocessors are the building blocks for the worlds fastest, most efficient GPU for gamers and creators. GeForce RTX 30 Series GPUs are powered by NVIDIA's 2nd gen RTX architecture, delivering the ultimate performance, ray-traced graphics, and AI acceleration for gamers and creators.	f	599.99	3
7	2022-11-14 16:04:57.267676+00	2022-11-14 16:04:57.267701+00	AMD Ryzen 7 5800X3D Vermeer 3.4GHz 8-Core AM4 Boxed Processor - Cooler Not Included	Unbeatable gamers power their play with the superior speed of the worlds best desktop processors. AMD Ryzen 5000 Series processors deliver maximum performance, whether you're playing the latest games or designing them. Play the most demanding games and power through 3D or video rendering with AMD Ryzen 5000 Series desktop processors. Get an edge in the game with advanced technologies from AMD like a Precision Boost 2 and Precision Boost Overdrive. Performance meets efficiency in the 7nm Zen 3 core at the heart of these processors, so your rig stays cool under pressure. With PCIe 4.0, you can maximize graphics and storage bandwidth.	f	399.99	1
8	2022-11-14 16:05:26.601976+00	2022-11-14 16:05:26.601994+00	Intel Core i7-12700K Alder Lake 3.6GHz Twelve-Core LGA 1700 Boxed Processor - Heatsink Not Included	The 12th generation of Intel processors provides gamers with an ideal setup for streaming or media production, boasting industry-first PCIe 5.0 compatibility and notable DDR5 memory advancements. With speeds up to 4800 MT/s, DDR5 advancements also prove to be beneficial to memory bandwidth, as it too sees an increase in speed. The processor also features an integrated UHD Graphics 770 chip with 8K HDR support and the ability to view four simultaneous 4K displays. Using Gaussian & Neural Accelerator 3.0 (GNA) technology, noise suppression and background blurring are achieved more efficiently and effectively. A standout feature of this processor is the 12 cores unlocked for overclocking, which share 25MB of the L3 cache. The highest clock speed available for these processors is 5.0 GHz, while the base model sits at 3.6 GHz. Managed by the Intel Thread Director, the cores support the operating system to more intelligently channel workloads to the right core at the right time.	f	349.98	1
5	2022-11-14 16:03:25.75089+00	2022-11-14 17:10:48.731474+00	MSI AMD Radeon RX 6950 XT Gaming X Trio Triple Fan 16GB GDDR6 PCIe 4.0 Graphics Card	The latest iteration of MSIs iconic GAMING series once again brings performance, low-noise efficiency, and aesthetics that hardcore gamers have come to recognize and trust. Now you too can enjoy all your favorite games with a powerful graphics card that stays cool and silent. Just the way you like it. Its time to put on team colors. Synchronize lighting with other compatible devices to take the light show to another level. Going dark is as easy as turning the lights off. The TRI FROZR 2 thermal system has been designed for efficiency. Expect a perfect balance of cool and quiet for more fun during endless gaming sessions.	t	839.99	3
6	2022-11-14 16:04:24.590854+00	2022-11-14 17:10:56.565764+00	AMD Ryzen 5 3600 Matisse 3.6GHz 6-Core AM4 Boxed Processor - Wraith Stealth Cooler Included	Everyone deserves a powerful processor. Uncompromising features and smooth performance are finally the standard for every gamer and artist. The AMD Wraith Stealth cooler is cool, quiet, and low-profile.	t	129.98	1
10	2022-11-14 16:46:28.112401+00	2022-11-14 16:46:28.112418+00	ASUS B550-F ROG Strix Gaming WiFi II AMD AM4 ATX Motherboard	Experience next-level performance and connectivity with the Asus ROG STRIX B550-F GAMING WIFI II, featuring PCIe 4.0, WiFi 6E and 2.5Gb Ethernet. Robust power and effective cooling make the ROG Strix B550-F Gaming (WiFi 6) the perfect partner for 3rd Gen AMD Ryzen CPUs. Futuristic aesthetics, intuitive software, and a reliable Stack Cool 3+ design put your build in the winners circle.	t	204.99	2
12	2022-11-14 16:47:52.479952+00	2022-11-14 16:47:52.479969+00	ASUS Z690-F ROG Strix Gaming WiFi DDR5 Intel LGA 1700 ATX Motherboard	ROG Strix Z690-F Gaming WiFi offers premium-grade power delivery and cooling to unleash the full force of 12th Gen Intel Core processors. Framerates and load times can be boosted even further by all-new support for DDR5 memory and PCIe 5.0 video cards. Plus, ASUS-exclusive intelligent controls help optimize PC settings, while onboard WiFi 6E can bring lightning-fast data transfers to an endless variety of scenarios. On top of all that, DIY-friendly innovations help simplify the PC building process to get to you up and running smoothly.	f	359.99	2
11	2022-11-14 16:47:01.281715+00	2022-11-14 17:10:34.444879+00	MSI Z790 MPG Carbon WiFi Intel LGA 1700 ATX Motherboard	The MPG series brings out fashionable products by showing extremely unique styles and expressing a conceited attitude towards the challenge of the gaming world. With extraordinary performance and style, the MPG series defines the future of gaming fashion.	t	479.99	2
19	2022-11-14 16:58:26.139895+00	2022-11-14 16:58:26.139912+00	Ubiquiti Networks UniFi Dream Machine Special Edition	The Dream Machine Special Edition (UDM SE) is an enterprise-grade UniFi OS Console capable of helping home and business owners alike seamlessly scale and manage their networks with high-speed, dual-WAN connectivity (10G SFP+ and 2.5GbE RJ45 ports), a Gigabit, PoE switch, and a network video recorder (NVR) with 128 GB of internal storage. Powered by UniFi OS, the UDM SE gives you full control of all your UniFi devices, including access points, Protect cameras, Talk phones, and Access readers. It's also a future-proof console since it will be able to run all upcoming UniFi OS applications. Engineered for end-to-end simplicity, the UDM SE features an integrated Bluetooth radio that streamlines the initial setup and configuration process, which can be completed in minutes with the UniFI Network application (web or mobile).	t	499.99	5
21	2022-11-14 16:59:18.969465+00	2022-11-14 16:59:18.9695+00	TP-LINK SafeStream Gigabit Multi-WAN VPN Router	ER7206 Multi-WAN Professional Wired Gigabit VPN Router Increased Network Capacity SP Firewall Omada SDN Integrated Load Balance Lightning Protection Limited Lifetime Protection	t	149.99	5
24	2022-11-14 17:01:23.459486+00	2022-11-14 17:09:49.065755+00	QNAP TS 453D 4-Bay Desktop NAS	The new-gen Wi-Fi 6 (802.11ax) trend has driven higher bandwidth demands for wired and wireless network connections. By integrating Intel Celeron J4125 quad-core 2.0 GHz processor and 2.5GbE connectivity, the TS-453D not only provides modern businesses an excellent NAS solution to upgrade to 2.5GbE environments for productive daily backup/restore tasks, but also provides gamers with ample storage for their vast game collections. Up to 5 Gbps transfer speeds can be made by setting port trunking with the two built-in 2.5GbE ports. The TS-453D also supports PCIe expansion, multi-cloud backup, cloud storage gateways, 4K HDMI output and real-time transcoding, alongside expandable storage capacity and feature-rich apps to perform as a cost-efficient, reliable 2.5GbE NAS.	t	579.99	6
23	2022-11-14 17:00:43.830761+00	2022-11-14 17:09:52.443259+00	Supermicro SuperServer SYS-5019C-MR Intel Xeon E-2136 3.3GHz Processor; 16GB DDR4-2666 RAM; 960GB Solid State Drive; 2TB HDD	Intel Xeon E-2136 3.3GHz Processor\r\n16GB DDR4-2666 RAM\r\n960GB Solid State Drive\r\n2TB HDD\r\n10/100/1000 Network\r\nThe Supermicro 1U Server comes with a single, Xeon E-2136, powerful 6 core processor. It includes 16GB of DDR4-2666 RAM, a 960GB NVMe Drive, a Seagate 2TB SATA drive, and a 3 year parts and labor warranty. Scalable and upgradable, this 1U general purpose server has everything it needs to power your business from webserver and email to backend applications. Simply add the operating system you desire and boot the system up.	t	1999.99	6
22	2022-11-14 17:00:17.387664+00	2022-11-14 17:09:55.843228+00	Dell PowerEdge R240 Rack Server Intel Xeon E-2224 3.4GHz Processor; 32GB DDR4-2666 RAM; 2x 960GB Solid State Drive; Integrated Graphics	Intel Xeon E-2224 3.4GHz Processor\r\n32GB DDR4-2666 RAM\r\n2x 960GB Solid State Drive\r\nIntegrated Graphics\r\nMicrosoft Windows Server 2019 Standard\r\nDVD±RW Drive\r\nDual 10/100/1000 Network\r\nCompute made simple for small business' in 1U rack mount server.	t	2799.99	6
18	2022-11-14 16:57:42.777718+00	2022-11-14 17:10:06.119517+00	ASUS RT-AX3000 AX3000 Dual Band Gigabit Wireless Router AiMesh Support; 1.5GHz Triple Core Processor; MU-MIMO Support; 4 LAN Ethernet Ports	AiMesh Support\r\n1.5GHz Triple Core Processor\r\nMU-MIMO Support\r\n4 LAN Ethernet Ports\r\nUSB 3.1 (Gen 1 Type-A) Port\r\nUpgrade to the next generation of networking and WiFi with the RT-AX3000 WiFi 6 router, capable of delivering speeds up to 2.5x faster than the previous WiFi generation. Featuring the latest technology including OFDMA, MU-MIMO, and Adaptive QoS ensuring wider coverage and maximum speeds to all of your devices.	t	159.99	4
17	2022-11-14 16:57:11.663136+00	2022-11-14 17:10:12.530285+00	TP-LINK USB WiFi Adapter for Desktop PC, AC1300Mbps USB 3.0 WiFi Dual Band Network Adapter with 2.4GHz/5GHz High Gain Antenna, MU-MIMO, Windows 10/8.1/8/7/XP, Mac OS 10.9-10.15(Archer T3U Plus)	The Archer T3U Plus receives Wi-Fi signals on two separate bands for all your online needs. Choose the 2.4 GHz band for up to 400 Mbps of surfing, emailing, and social media, or switch to 5 GHz for up to 867 Mbps of gaming, HD streaming, and large file downloads. With an advanced serial high-gain antenna structure, the Archer T3U Plus is able to maximize data transmission and reception efficiency, greatly increase reception range and provide a stable Wi-Fi connection throughout your home.	t	24.99	4
16	2022-11-14 16:56:39.134724+00	2022-11-14 17:10:16.986904+00	Ubiquiti Networks UniFi nanoHD AC2000 Dual-Band Wireless Access Point	Easily deploy your UniFi Enterprise System using the included UniFi Controller software. Manage thousands of UniFi devices across multiple sites, and scale your network as needed without any ongoing licensing fees.	t	159.99	4
15	2022-11-14 16:50:48.602161+00	2022-11-14 17:10:21.135995+00	AMD Ryzen 9 5950X Vermeer 3.4GHz 16-Core AM4 Boxed Processor	Get the high-speed gaming performance of the world's best desktop processor. Encode faster. Render faster. Iterate faster. Create more, faster with AMD Ryzen processor.	t	529.99	1
14	2022-11-14 16:49:25.701556+00	2022-11-14 17:10:25.621427+00	ASUS X670E ROG Crosshair Extreme AMD AM5 eATX Motherboard	Bringing a legacy of ROG greatness along with a flurry of the latest tech for fully loaded builds, the ROG Crosshair X670E comfortably eases AMD Ryzen 7000 Series processors through the toughest workloads. Embrace the AM5 era with the indomitable kingpin of the ROG stack.	t	999.99	2
20	2022-11-14 16:58:52.274058+00	2022-11-14 17:09:59.490869+00	TP-LINK TL-R605 SafeStream Gigabit Multi-WAN VPN RouterUp to 4 GB Wan Ports SPI Firewall SB Router; Omada SDN Integrated, Load Balance, Lightening Protection, Limited Lifetime Protection	SPI Firewall SB Router\r\nOmada SDN Integrated, Load Balance, Lightening Protection, Limited Lifetime Protection\r\nSafeStream Gigabit Multi-WAN VPN Router supports one of the tunnel type; 20× LAN-to-LAN IPsec, 16× OpenVPN, 16× L2TP, and 16× PPTP VPN connections. Up to 4 WAN connections connecting to 4 different Internet service providers and private links. Bandwidth based, app-based, or automatic line backup allow flexible and reliable use of your wide-area links. All (5) gigabit connecting ports provide high-speed wired connectivity. Built-in firewall and ACS filtering for easy penetration and blocking settings. Works with standard 802.1Q switches for multiple subnet separation and communication. Multi-Nets NAT for direct Internet access from any VLAN. Advanced ACS policies, DoS defense, IP/MAC/URL filtering, and more security functions protect your network and data. Work with center control Omada SDN controller enables cloud access for easy management and deployment. Zero-Touch Provisioning (ZTP) eliminates the installation and maintenance truckloads.	t	59.99	5
13	2022-11-14 16:48:41.677451+00	2022-11-14 17:10:29.206629+00	MSI Z790 MAG Tomahawk WiFi D4 Intel LGA 1700 ATX Motherboard	The MAG series fights alongside gamers in pursuit of honor. With added military-inspired elements in these gaming products, they were reborn as the symbol of sturdiness and durability.	t	309.99	2
9	2022-11-14 16:05:59.716206+00	2022-11-14 17:10:41.773286+00	Intel Core i9-12900K Alder Lake 3.2GHz Sixteen-Core LGA 1700 Boxed Processor - Heatsink Not Included	Whether you are into gaming, content creation, or just want to kick your productivity up a notch, it can all be obtained with the 12th generation 3.2 GHz 16 Core LGA 1700 Processor. The Hybrid Core architecture and the Intel processor seamlessly work together to boost your speed noticeably.\r\n\r\nThis system provides an unrivaled 16 cores exclusively for performance and efficiency to complete any task smoothly and expediently. The eight efficient cores increase multi threaded performance and reduce unwanted interruptions from secondary tasks. In addition, this system allows secondary apps to run efficiently in the background without degrading performance.\r\n\r\nOverclocking with this unlocked Intel Core processor is a way to custom tune your PC. You can adjust the power, voltage, core, memory settings, and other key system values for more performance. It helps speed up your components and your gameplay. It can also help with processor intensive tasks such as image rendering and transcoding.\r\n\r\nThere are also eight performance cores with a base level of 3.2 GHz and a max speed of 5.2 GHz, increasing the system's workability across single and lightly threaded workloads, maximizing productivity and gaming activities. The 16 cores work together seamlessly as the efficient cores complete background tasks for your multi tasking. The performance cores focus solely on your most resource intensive applications to boost speed without being distracted.\r\n\r\nThe Intel Thread Director is there to ensure that the correct jobs are designated to the correct cores. This ensures that the performance cores handle high priority tasks, and everything else can be designated to the efficient cores.\r\n\r\nThe integrated Intel UHD 770 Graphics provides speedy, quality performance for high grade graphics. Support is available for 7680 x 4320 resolution 8K monitors or up to four 3840 x 2160 resolution 4K displays with dynamic range.\r\n\r\nAdditionally, this processor is compatible with Intel 600 series chipset based motherboards. There is also support for DDR5 memory at 4800 MHz, creating high memory frequencies and performance. So, for those looking to up their gaming and take their content creation to the next level, the Intel Core i9 12900K is just the thing.	t	449.99	1
\.


--
-- Data for Name: store_category; Type: TABLE DATA; Schema: public; Owner: postgres
--

COPY public.store_category (id, date_created, date_updated, name, description, active) FROM stdin;
15	2022-11-14 15:48:32.454958+00	2022-11-14 17:09:17.256123+00	Networking	Wireless networking, wired networking, Server and NAS, modems	t
13	2022-11-14 15:46:17.197997+00	2022-11-14 17:09:19.927024+00	Computer parts	Processors, motherboards, memory, graphic gards, storage, cases, cooling	t
\.


--
-- Data for Name: store_product; Type: TABLE DATA; Schema: public; Owner: postgres
--

COPY public.store_product (id, date_created, date_updated, name, description, active, in_stock_quantity, out_stock_quantity, category_id) FROM stdin;
1	2022-11-14 15:51:17.432085+00	2022-11-14 15:51:17.432114+00	Processors	A processor (CPU) is the logic circuitry that responds to and processes the basic instructions that drive a computer. The CPU is seen as the main and most crucial integrated circuitry (IC) chip in a computer, as it is responsible for interpreting most of computers commands. CPUs will perform most basic arithmetic, logic and I/O operations, as well as allocate commands for other chips and components running in a computer.	t	265	62	13
2	2022-11-14 15:52:20.3728+00	2022-11-14 15:52:20.372819+00	Motherboard	A motherboard is one of the most essential parts of a computer system. It holds together many of the crucial components of a computer, including the central processing unit (CPU), memory and connectors for input and output devices. The base of a motherboard consists of a very firm sheet of non-conductive material, typically some sort of rigid plastic. Thin layers of copper or aluminum foil, referred to as traces, are printed onto this sheet. These traces are very narrow and form the circuits between the various components. In addition to circuits, a motherboard contains a number of sockets and slots to connect the other components.	t	235	45	13
3	2022-11-14 15:53:23.898662+00	2022-11-14 15:53:23.89868+00	Graphic card	A graphics card is a type of display adapter or video card installed within most computing devices to display graphical data with high clarity, color, definition and overall appearance. A graphics card provides high-quality visual display by processing and executing graphical data using advanced graphical techniques, features and functions.\r\n\r\nA graphics card is also known as a graphics adapter, graphics controller, graphics accelerator card or graphics board.\r\n\r\nTechopedia	t	169	92	13
4	2022-11-14 16:52:50.433994+00	2022-11-14 16:52:50.434009+00	Wireless networking	A wireless network is a computer network that uses wireless data connections between network nodes.\r\n\r\nWireless networking is a method by which homes, telecommunications networks and business installations avoid the costly process of introducing cables into a building, or as a connection between various equipment locations. Admin telecommunications networks are generally implemented and administered using radio communication. This implementation takes place at the physical level (layer) of the OSI model network structure\r\n\r\nExamples of wireless networks include cell phone networks, wireless local area networks (WLANs), wireless sensor networks, satellite communication networks, and terrestrial microwave networks	t	321	56	15
5	2022-11-14 16:54:05.531026+00	2022-11-14 16:54:05.531049+00	Wired networking	A wired network is a common type of wired configuration. Most wired networks use Ethernet cables to transfer data between connected PCs. In a small wired network, a single router may be used to connect all the computers. Larger networks often involve multiple routers or switches that connect to each other. One of these devices typically connects to a cable modem, T1 line, or other type of Internet connection that provides Internet access to all devices connected to the network.	t	123	27	15
6	2022-11-14 16:55:53.076393+00	2022-11-14 17:09:26.958756+00	Server/NAS	A central computer from which other computers get information\r\n\r\nA network-attached storage (NAS) device is a data storage device that connects to and is accessed through a network, instead of connecting directly to a computer. NAS devices contain a processor and operating system so it can run applications and provide the intelligence needed for files to be easily shared by authorized people.	t	221	56	15
\.


--
-- Name: auth_group_id_seq; Type: SEQUENCE SET; Schema: public; Owner: postgres
--

SELECT pg_catalog.setval('public.auth_group_id_seq', 1, false);


--
-- Name: auth_group_permissions_id_seq; Type: SEQUENCE SET; Schema: public; Owner: postgres
--

SELECT pg_catalog.setval('public.auth_group_permissions_id_seq', 1, false);


--
-- Name: auth_permission_id_seq; Type: SEQUENCE SET; Schema: public; Owner: postgres
--

SELECT pg_catalog.setval('public.auth_permission_id_seq', 36, true);


--
-- Name: auth_user_groups_id_seq; Type: SEQUENCE SET; Schema: public; Owner: postgres
--

SELECT pg_catalog.setval('public.auth_user_groups_id_seq', 1, false);


--
-- Name: auth_user_id_seq; Type: SEQUENCE SET; Schema: public; Owner: postgres
--

SELECT pg_catalog.setval('public.auth_user_id_seq', 1, true);


--
-- Name: auth_user_user_permissions_id_seq; Type: SEQUENCE SET; Schema: public; Owner: postgres
--

SELECT pg_catalog.setval('public.auth_user_user_permissions_id_seq', 1, false);


--
-- Name: django_admin_log_id_seq; Type: SEQUENCE SET; Schema: public; Owner: postgres
--

SELECT pg_catalog.setval('public.django_admin_log_id_seq', 80, true);


--
-- Name: django_content_type_id_seq; Type: SEQUENCE SET; Schema: public; Owner: postgres
--

SELECT pg_catalog.setval('public.django_content_type_id_seq', 9, true);


--
-- Name: django_migrations_id_seq; Type: SEQUENCE SET; Schema: public; Owner: postgres
--

SELECT pg_catalog.setval('public.django_migrations_id_seq', 21, true);


--
-- Name: store_article_id_seq; Type: SEQUENCE SET; Schema: public; Owner: postgres
--

SELECT pg_catalog.setval('public.store_article_id_seq', 24, true);


--
-- Name: store_category_id_seq; Type: SEQUENCE SET; Schema: public; Owner: postgres
--

SELECT pg_catalog.setval('public.store_category_id_seq', 15, true);


--
-- Name: store_product_id_seq; Type: SEQUENCE SET; Schema: public; Owner: postgres
--

SELECT pg_catalog.setval('public.store_product_id_seq', 6, true);


--
-- Name: auth_group auth_group_name_key; Type: CONSTRAINT; Schema: public; Owner: postgres
--

ALTER TABLE ONLY public.auth_group
    ADD CONSTRAINT auth_group_name_key UNIQUE (name);


--
-- Name: auth_group_permissions auth_group_permissions_group_id_permission_id_0cd325b0_uniq; Type: CONSTRAINT; Schema: public; Owner: postgres
--

ALTER TABLE ONLY public.auth_group_permissions
    ADD CONSTRAINT auth_group_permissions_group_id_permission_id_0cd325b0_uniq UNIQUE (group_id, permission_id);


--
-- Name: auth_group_permissions auth_group_permissions_pkey; Type: CONSTRAINT; Schema: public; Owner: postgres
--

ALTER TABLE ONLY public.auth_group_permissions
    ADD CONSTRAINT auth_group_permissions_pkey PRIMARY KEY (id);


--
-- Name: auth_group auth_group_pkey; Type: CONSTRAINT; Schema: public; Owner: postgres
--

ALTER TABLE ONLY public.auth_group
    ADD CONSTRAINT auth_group_pkey PRIMARY KEY (id);


--
-- Name: auth_permission auth_permission_content_type_id_codename_01ab375a_uniq; Type: CONSTRAINT; Schema: public; Owner: postgres
--

ALTER TABLE ONLY public.auth_permission
    ADD CONSTRAINT auth_permission_content_type_id_codename_01ab375a_uniq UNIQUE (content_type_id, codename);


--
-- Name: auth_permission auth_permission_pkey; Type: CONSTRAINT; Schema: public; Owner: postgres
--

ALTER TABLE ONLY public.auth_permission
    ADD CONSTRAINT auth_permission_pkey PRIMARY KEY (id);


--
-- Name: auth_user_groups auth_user_groups_pkey; Type: CONSTRAINT; Schema: public; Owner: postgres
--

ALTER TABLE ONLY public.auth_user_groups
    ADD CONSTRAINT auth_user_groups_pkey PRIMARY KEY (id);


--
-- Name: auth_user_groups auth_user_groups_user_id_group_id_94350c0c_uniq; Type: CONSTRAINT; Schema: public; Owner: postgres
--

ALTER TABLE ONLY public.auth_user_groups
    ADD CONSTRAINT auth_user_groups_user_id_group_id_94350c0c_uniq UNIQUE (user_id, group_id);


--
-- Name: auth_user auth_user_pkey; Type: CONSTRAINT; Schema: public; Owner: postgres
--

ALTER TABLE ONLY public.auth_user
    ADD CONSTRAINT auth_user_pkey PRIMARY KEY (id);


--
-- Name: auth_user_user_permissions auth_user_user_permissions_pkey; Type: CONSTRAINT; Schema: public; Owner: postgres
--

ALTER TABLE ONLY public.auth_user_user_permissions
    ADD CONSTRAINT auth_user_user_permissions_pkey PRIMARY KEY (id);


--
-- Name: auth_user_user_permissions auth_user_user_permissions_user_id_permission_id_14a6b632_uniq; Type: CONSTRAINT; Schema: public; Owner: postgres
--

ALTER TABLE ONLY public.auth_user_user_permissions
    ADD CONSTRAINT auth_user_user_permissions_user_id_permission_id_14a6b632_uniq UNIQUE (user_id, permission_id);


--
-- Name: auth_user auth_user_username_key; Type: CONSTRAINT; Schema: public; Owner: postgres
--

ALTER TABLE ONLY public.auth_user
    ADD CONSTRAINT auth_user_username_key UNIQUE (username);


--
-- Name: django_admin_log django_admin_log_pkey; Type: CONSTRAINT; Schema: public; Owner: postgres
--

ALTER TABLE ONLY public.django_admin_log
    ADD CONSTRAINT django_admin_log_pkey PRIMARY KEY (id);


--
-- Name: django_content_type django_content_type_app_label_model_76bd3d3b_uniq; Type: CONSTRAINT; Schema: public; Owner: postgres
--

ALTER TABLE ONLY public.django_content_type
    ADD CONSTRAINT django_content_type_app_label_model_76bd3d3b_uniq UNIQUE (app_label, model);


--
-- Name: django_content_type django_content_type_pkey; Type: CONSTRAINT; Schema: public; Owner: postgres
--

ALTER TABLE ONLY public.django_content_type
    ADD CONSTRAINT django_content_type_pkey PRIMARY KEY (id);


--
-- Name: django_migrations django_migrations_pkey; Type: CONSTRAINT; Schema: public; Owner: postgres
--

ALTER TABLE ONLY public.django_migrations
    ADD CONSTRAINT django_migrations_pkey PRIMARY KEY (id);


--
-- Name: django_session django_session_pkey; Type: CONSTRAINT; Schema: public; Owner: postgres
--

ALTER TABLE ONLY public.django_session
    ADD CONSTRAINT django_session_pkey PRIMARY KEY (session_key);


--
-- Name: store_article store_article_pkey; Type: CONSTRAINT; Schema: public; Owner: postgres
--

ALTER TABLE ONLY public.store_article
    ADD CONSTRAINT store_article_pkey PRIMARY KEY (id);


--
-- Name: store_category store_category_pkey; Type: CONSTRAINT; Schema: public; Owner: postgres
--

ALTER TABLE ONLY public.store_category
    ADD CONSTRAINT store_category_pkey PRIMARY KEY (id);


--
-- Name: store_product store_product_pkey; Type: CONSTRAINT; Schema: public; Owner: postgres
--

ALTER TABLE ONLY public.store_product
    ADD CONSTRAINT store_product_pkey PRIMARY KEY (id);


--
-- Name: auth_group_name_a6ea08ec_like; Type: INDEX; Schema: public; Owner: postgres
--

CREATE INDEX auth_group_name_a6ea08ec_like ON public.auth_group USING btree (name varchar_pattern_ops);


--
-- Name: auth_group_permissions_group_id_b120cbf9; Type: INDEX; Schema: public; Owner: postgres
--

CREATE INDEX auth_group_permissions_group_id_b120cbf9 ON public.auth_group_permissions USING btree (group_id);


--
-- Name: auth_group_permissions_permission_id_84c5c92e; Type: INDEX; Schema: public; Owner: postgres
--

CREATE INDEX auth_group_permissions_permission_id_84c5c92e ON public.auth_group_permissions USING btree (permission_id);


--
-- Name: auth_permission_content_type_id_2f476e4b; Type: INDEX; Schema: public; Owner: postgres
--

CREATE INDEX auth_permission_content_type_id_2f476e4b ON public.auth_permission USING btree (content_type_id);


--
-- Name: auth_user_groups_group_id_97559544; Type: INDEX; Schema: public; Owner: postgres
--

CREATE INDEX auth_user_groups_group_id_97559544 ON public.auth_user_groups USING btree (group_id);


--
-- Name: auth_user_groups_user_id_6a12ed8b; Type: INDEX; Schema: public; Owner: postgres
--

CREATE INDEX auth_user_groups_user_id_6a12ed8b ON public.auth_user_groups USING btree (user_id);


--
-- Name: auth_user_user_permissions_permission_id_1fbb5f2c; Type: INDEX; Schema: public; Owner: postgres
--

CREATE INDEX auth_user_user_permissions_permission_id_1fbb5f2c ON public.auth_user_user_permissions USING btree (permission_id);


--
-- Name: auth_user_user_permissions_user_id_a95ead1b; Type: INDEX; Schema: public; Owner: postgres
--

CREATE INDEX auth_user_user_permissions_user_id_a95ead1b ON public.auth_user_user_permissions USING btree (user_id);


--
-- Name: auth_user_username_6821ab7c_like; Type: INDEX; Schema: public; Owner: postgres
--

CREATE INDEX auth_user_username_6821ab7c_like ON public.auth_user USING btree (username varchar_pattern_ops);


--
-- Name: django_admin_log_content_type_id_c4bce8eb; Type: INDEX; Schema: public; Owner: postgres
--

CREATE INDEX django_admin_log_content_type_id_c4bce8eb ON public.django_admin_log USING btree (content_type_id);


--
-- Name: django_admin_log_user_id_c564eba6; Type: INDEX; Schema: public; Owner: postgres
--

CREATE INDEX django_admin_log_user_id_c564eba6 ON public.django_admin_log USING btree (user_id);


--
-- Name: django_session_expire_date_a5c62663; Type: INDEX; Schema: public; Owner: postgres
--

CREATE INDEX django_session_expire_date_a5c62663 ON public.django_session USING btree (expire_date);


--
-- Name: django_session_session_key_c0390e0f_like; Type: INDEX; Schema: public; Owner: postgres
--

CREATE INDEX django_session_session_key_c0390e0f_like ON public.django_session USING btree (session_key varchar_pattern_ops);


--
-- Name: store_article_product_id_0c501902; Type: INDEX; Schema: public; Owner: postgres
--

CREATE INDEX store_article_product_id_0c501902 ON public.store_article USING btree (product_id);


--
-- Name: store_product_category_id_574bae65; Type: INDEX; Schema: public; Owner: postgres
--

CREATE INDEX store_product_category_id_574bae65 ON public.store_product USING btree (category_id);


--
-- Name: auth_group_permissions auth_group_permissio_permission_id_84c5c92e_fk_auth_perm; Type: FK CONSTRAINT; Schema: public; Owner: postgres
--

ALTER TABLE ONLY public.auth_group_permissions
    ADD CONSTRAINT auth_group_permissio_permission_id_84c5c92e_fk_auth_perm FOREIGN KEY (permission_id) REFERENCES public.auth_permission(id) DEFERRABLE INITIALLY DEFERRED;


--
-- Name: auth_group_permissions auth_group_permissions_group_id_b120cbf9_fk_auth_group_id; Type: FK CONSTRAINT; Schema: public; Owner: postgres
--

ALTER TABLE ONLY public.auth_group_permissions
    ADD CONSTRAINT auth_group_permissions_group_id_b120cbf9_fk_auth_group_id FOREIGN KEY (group_id) REFERENCES public.auth_group(id) DEFERRABLE INITIALLY DEFERRED;


--
-- Name: auth_permission auth_permission_content_type_id_2f476e4b_fk_django_co; Type: FK CONSTRAINT; Schema: public; Owner: postgres
--

ALTER TABLE ONLY public.auth_permission
    ADD CONSTRAINT auth_permission_content_type_id_2f476e4b_fk_django_co FOREIGN KEY (content_type_id) REFERENCES public.django_content_type(id) DEFERRABLE INITIALLY DEFERRED;


--
-- Name: auth_user_groups auth_user_groups_group_id_97559544_fk_auth_group_id; Type: FK CONSTRAINT; Schema: public; Owner: postgres
--

ALTER TABLE ONLY public.auth_user_groups
    ADD CONSTRAINT auth_user_groups_group_id_97559544_fk_auth_group_id FOREIGN KEY (group_id) REFERENCES public.auth_group(id) DEFERRABLE INITIALLY DEFERRED;


--
-- Name: auth_user_groups auth_user_groups_user_id_6a12ed8b_fk_auth_user_id; Type: FK CONSTRAINT; Schema: public; Owner: postgres
--

ALTER TABLE ONLY public.auth_user_groups
    ADD CONSTRAINT auth_user_groups_user_id_6a12ed8b_fk_auth_user_id FOREIGN KEY (user_id) REFERENCES public.auth_user(id) DEFERRABLE INITIALLY DEFERRED;


--
-- Name: auth_user_user_permissions auth_user_user_permi_permission_id_1fbb5f2c_fk_auth_perm; Type: FK CONSTRAINT; Schema: public; Owner: postgres
--

ALTER TABLE ONLY public.auth_user_user_permissions
    ADD CONSTRAINT auth_user_user_permi_permission_id_1fbb5f2c_fk_auth_perm FOREIGN KEY (permission_id) REFERENCES public.auth_permission(id) DEFERRABLE INITIALLY DEFERRED;


--
-- Name: auth_user_user_permissions auth_user_user_permissions_user_id_a95ead1b_fk_auth_user_id; Type: FK CONSTRAINT; Schema: public; Owner: postgres
--

ALTER TABLE ONLY public.auth_user_user_permissions
    ADD CONSTRAINT auth_user_user_permissions_user_id_a95ead1b_fk_auth_user_id FOREIGN KEY (user_id) REFERENCES public.auth_user(id) DEFERRABLE INITIALLY DEFERRED;


--
-- Name: django_admin_log django_admin_log_content_type_id_c4bce8eb_fk_django_co; Type: FK CONSTRAINT; Schema: public; Owner: postgres
--

ALTER TABLE ONLY public.django_admin_log
    ADD CONSTRAINT django_admin_log_content_type_id_c4bce8eb_fk_django_co FOREIGN KEY (content_type_id) REFERENCES public.django_content_type(id) DEFERRABLE INITIALLY DEFERRED;


--
-- Name: django_admin_log django_admin_log_user_id_c564eba6_fk_auth_user_id; Type: FK CONSTRAINT; Schema: public; Owner: postgres
--

ALTER TABLE ONLY public.django_admin_log
    ADD CONSTRAINT django_admin_log_user_id_c564eba6_fk_auth_user_id FOREIGN KEY (user_id) REFERENCES public.auth_user(id) DEFERRABLE INITIALLY DEFERRED;


--
-- Name: store_article store_article_product_id_0c501902_fk_store_product_id; Type: FK CONSTRAINT; Schema: public; Owner: postgres
--

ALTER TABLE ONLY public.store_article
    ADD CONSTRAINT store_article_product_id_0c501902_fk_store_product_id FOREIGN KEY (product_id) REFERENCES public.store_product(id) DEFERRABLE INITIALLY DEFERRED;


--
-- Name: store_product store_product_category_id_574bae65_fk_store_category_id; Type: FK CONSTRAINT; Schema: public; Owner: postgres
--

ALTER TABLE ONLY public.store_product
    ADD CONSTRAINT store_product_category_id_574bae65_fk_store_category_id FOREIGN KEY (category_id) REFERENCES public.store_category(id) DEFERRABLE INITIALLY DEFERRED;


--
-- PostgreSQL database dump complete
--

